model,pair_type,first_word,second_word,cosine_similarity
Word2Vec,related,хороший,отличный,0.6215
Word2Vec,related,красивый,приятный,0.5003
Word2Vec,related,плохой,ужасный,0.3278
Word2Vec,related,цена,стоимость,0.5232
Word2Vec,related,коробка,упаковка,0.4663
Word2Vec,related,крем,кожа,0.6706
Word2Vec,related,размер,подойти,0.5897
Word2Vec,related,волос,шампунь,0.557
Word2Vec,unrelated,крем,доставка,0.2125
Word2Vec,unrelated,размер,запах,0.1648
Word2Vec,unrelated,цвет,цена,0.4271
Word2Vec,unrelated,волос,коробка,0.2285
Word2Vec,unrelated,шампунь,продавец,0.346
GloVe,related,хороший,отличный,0.5682
GloVe,related,красивый,приятный,0.4402
GloVe,related,плохой,ужасный,0.1634
GloVe,related,цена,стоимость,-0.2532
GloVe,related,коробка,упаковка,0.3026
GloVe,related,крем,кожа,-0.0209
GloVe,related,размер,подойти,0.8391
GloVe,related,волос,шампунь,0.3402
GloVe,unrelated,крем,доставка,-0.2685
GloVe,unrelated,размер,запах,-0.0715
GloVe,unrelated,цвет,цена,-0.1211
GloVe,unrelated,волос,коробка,0.0888
GloVe,unrelated,шампунь,продавец,-0.0668
fastText,related,хороший,отличный,0.5832
fastText,related,красивый,приятный,0.3671
fastText,related,плохой,ужасный,0.3816
fastText,related,цена,стоимость,0.5872
fastText,related,коробка,упаковка,0.5523
fastText,related,крем,кожа,0.6454
fastText,related,размер,подойти,0.5275
fastText,related,волос,шампунь,0.5534
fastText,unrelated,крем,доставка,0.3601
fastText,unrelated,размер,запах,0.2677
fastText,unrelated,цвет,цена,0.3812
fastText,unrelated,волос,коробка,0.291
fastText,unrelated,шампунь,продавец,0.3701
