слово,частота_слова,лемма,частота_леммы
не,1149,не,1149
очень,436,очень,436
хорошо,162,хороший,273
спасибо,132,размер,160
нет,129,отличный,156
рекомендую,129,качество,147
размер,120,продавец,146
качество,110,прийти,144
просто,94,такой,137
товар,86,спасибо,132
цвет,81,рекомендовать,131
хороший,78,понравиться,129
продавцу,65,нет,129
отлично,64,хорошо,129
запах,62,цвет,122
вообще,58,товар,118
хорошая,58,брать,116
быстро,54,удобный,98
отличный,54,упаковка,94
крем,54,просто,94
волосы,54,цена,91
упаковка,53,первый,85
продавца,53,приятный,85
фото,52,заказать,85
немного,51,день,83
заказала,50,коробка,83
ткань,50,запах,82
подарок,48,час,80
супер,47,заказывать,80
сразу,46,волос,78
пока,46,крем,77
коробка,44,красивый,74
первый,43,упаковать,74
приятный,43,кожа,73
советую,42,ребёнок,72
цена,42,покупка,69
день,40,быть,68
удобно,39,мягкий,62
второй,39,доставка,60
буду,39,подарок,59
долго,38,вообще,58
могу,38,взять,58
тушь,38,ткань,58
покупке,37,купить,57
цену,36,мочь,57
понравились,36,подойти,57
нужно,36,свой,56
брала,36,лёгкий,56
деньги,36,покупать,55
соответствует,35,довольный,55
