pca_1,pca_2,sentiment,rating
-0.04978294,-0.12024871,positive,5
0.0003537666,-0.24315345,positive,5
-0.01462586,-0.10166554,positive,5
0.010125792,-0.08199081,positive,5
0.050787695,-0.09984086,positive,5
-0.08729552,-0.20490181,positive,5
-0.03159211,-0.19443607,positive,5
0.028922351,-0.09869779,positive,5
-0.1498057,-0.09931171,positive,5
-0.059544988,-0.056805186,neutral,3
-0.024864107,-0.23229448,positive,4
0.052365817,-0.060258184,positive,5
-0.03817957,-0.18479845,positive,5
-0.013818564,-0.15405391,positive,5
0.10610482,-0.13745995,negative,1
-0.04651304,-0.16699372,positive,5
0.036052145,-0.1374814,positive,4
0.059866488,-0.2528134,positive,5
0.08478371,-0.25844648,positive,5
-0.05153449,-0.17770961,positive,5
-0.041985348,0.11534178,positive,5
-0.020214336,-0.16432509,positive,5
-0.12101396,-0.18646973,positive,5
0.029421365,-0.34418294,positive,5
-0.012924803,-0.13571763,neutral,3
-0.025987154,-0.15317854,negative,1
0.027427772,-0.1207146,positive,5
-0.07036316,-0.19547902,negative,1
-0.019751206,-0.15864164,negative,1
-0.02575019,-0.14282635,positive,5
0.009397514,-0.08168637,positive,5
0.031815752,-0.21784866,positive,5
0.09587007,-0.22632286,positive,4
-0.035714604,-0.18682764,positive,5
-0.022347098,-0.22415674,positive,5
-0.022443347,-0.31825593,positive,5
0.12122168,-0.1393966,positive,5
0.07251329,-0.1455462,negative,1
0.07478206,-0.031226348,positive,5
-0.031261295,-0.17361008,negative,1
0.022592897,-0.26506162,neutral,3
-0.03885082,-0.12262843,positive,5
-0.046662636,-0.18152988,positive,5
0.065405086,-0.12537858,positive,5
0.019435791,-0.012449437,negative,1
0.079514906,-0.24733777,neutral,3
-0.0668564,-0.19363734,positive,5
0.0006412044,-0.32940155,negative,2
0.015053956,-0.26588395,positive,5
-0.095347166,-0.2794008,positive,5
-0.10856208,-0.05796804,positive,4
0.024533132,-0.3080296,positive,5
-0.006186354,-0.30158046,positive,5
-0.013908274,-0.24658503,negative,1
-0.016141798,-0.2787007,positive,5
-0.072271384,-0.20927238,neutral,3
0.00074174814,-0.37023634,neutral,3
-0.021555528,-0.09018879,positive,5
0.027892565,-0.23251061,negative,1
0.04606735,-0.14968127,positive,5
-0.07682397,-0.016871547,positive,5
-0.0059750145,-0.28675136,positive,5
0.040267333,-0.26070127,negative,1
0.08651691,-0.24516042,positive,5
0.043219835,-0.04732172,positive,5
-0.014065271,-0.262988,positive,5
0.03475859,-0.19986008,neutral,3
-0.06358269,-0.33021873,negative,1
0.04386256,-0.20288964,positive,5
0.03330425,-0.1780545,positive,5
-0.007258096,-0.26299962,positive,5
0.058105484,-0.20256674,negative,2
0.025407003,-0.2767908,positive,5
0.033424325,-0.23287262,negative,1
0.04596337,-0.12087855,positive,5
0.06009227,-0.123469666,positive,5
-0.013086814,-0.1998592,positive,4
-0.042637885,-0.38825554,positive,5
0.01364111,-0.096381545,positive,5
-0.057941698,-0.1351381,positive,5
0.029706316,-0.20008874,positive,5
-0.041589074,-0.12922922,positive,5
0.062043183,-0.193301,positive,5
0.055000223,-0.23449835,positive,5
-0.014241103,-0.22830361,positive,4
0.05093103,-0.1432332,positive,5
-0.0072703967,-0.1538311,positive,5
0.070671126,-0.11752672,positive,5
0.046705507,-0.25016004,positive,5
-0.022104299,-0.32887548,negative,1
0.04194835,-0.11158284,positive,5
-0.027801095,-0.16285409,positive,5
-0.04812744,-0.11588582,positive,5
-0.05504828,-0.34282902,positive,5
0.003474811,-0.18639751,positive,5
-0.025881957,-0.11510148,positive,5
-0.06308758,-0.29540893,positive,4
0.019190306,-0.001800139,positive,5
-0.050645053,-0.22742054,positive,5
0.052773662,-0.1517378,positive,5
0.16478549,-0.07802924,positive,4
0.08094635,-0.26524287,positive,5
-0.047598768,-0.18740171,negative,1
0.048027262,-0.24161327,negative,1
-0.02656449,-0.24069768,positive,5
-0.05466339,-0.17569673,positive,5
0.008318601,-0.24806823,positive,5
0.08695838,-0.32211763,positive,5
7.1370974e-05,-0.22680603,positive,5
0.07250623,-0.00021348614,positive,5
0.16751184,0.051717833,positive,5
0.026412213,-0.20104133,negative,1
0.08926571,-0.14801271,negative,1
0.24528082,-0.027872134,negative,1
0.14906137,-0.10893938,negative,1
0.15456812,0.0906903,positive,5
0.15608133,0.03948634,positive,5
0.049436606,0.057285804,negative,1
0.11438684,-0.0025453488,positive,5
0.20375808,0.10992367,positive,4
0.13932884,0.055039268,positive,5
0.26606578,0.2132525,positive,5
0.32661295,0.19265836,positive,5
0.18073545,0.13120435,positive,5
0.14939658,0.21885899,positive,5
0.18560731,0.043027725,positive,5
0.31798187,0.108088955,neutral,3
0.27506542,0.21237329,positive,5
0.24977852,0.09617205,neutral,3
0.2219241,0.26609936,positive,5
0.2087834,0.11210363,positive,5
0.17165199,0.16442245,positive,5
0.40615556,0.18030713,positive,5
0.17509875,0.049317937,positive,5
0.14045851,0.04367336,positive,5
0.21058077,0.2121931,positive,5
0.22477022,0.21026574,positive,5
0.13755608,-0.028585896,neutral,3
0.21221654,0.05367055,positive,4
0.19514573,0.16952273,positive,5
0.24774121,0.22196269,positive,5
0.16255777,0.11149045,positive,4
0.22017717,0.23273508,positive,5
0.13384604,0.030584864,positive,5
0.17892224,0.21390818,positive,5
0.27358472,0.1389445,positive,5
0.20020956,0.14487894,positive,5
0.27258968,0.0863143,neutral,3
0.26030234,0.16787562,positive,5
0.2665188,0.23763302,positive,5
0.31121808,0.18581067,positive,5
0.18673164,0.17912173,positive,4
0.07609757,0.030493408,positive,5
0.21114202,0.18713878,positive,5
0.13129582,-0.00851124,positive,5
0.24881418,0.16806641,positive,5
0.22690248,0.10134243,negative,1
0.22282755,0.080024816,negative,1
0.030024396,0.07841263,positive,5
0.2539511,0.22225298,positive,5
0.21236047,0.17832957,positive,5
0.18384865,0.21866763,positive,5
0.35814705,0.15856566,positive,4
0.1745661,0.15442878,positive,5
0.20294657,0.1271843,positive,4
0.24595194,0.13603005,positive,4
0.121416524,0.030540071,positive,5
0.2840797,0.15234374,positive,5
0.24633972,0.2635894,positive,5
0.19906466,0.16312236,positive,5
0.20750584,0.13761781,positive,4
0.11206636,0.095409684,negative,1
0.28981277,0.20310251,positive,5
0.24877821,0.22356406,positive,5
0.2935666,0.18693599,positive,5
0.24540077,0.22698979,positive,5
0.18559088,0.17121552,positive,5
0.21198517,0.17497294,positive,4
0.22006245,0.18232396,positive,5
0.07778488,0.05663689,positive,5
0.06822702,0.07759064,positive,5
0.13018969,-0.07687655,negative,1
0.08175696,0.13091661,positive,4
0.27050754,0.09825279,positive,5
0.22591595,0.13928622,positive,5
0.058586746,0.022849023,positive,5
0.12922494,0.16617247,positive,5
0.11945155,0.052738424,positive,4
0.1553365,-0.034396283,negative,1
0.2808065,0.14154828,positive,4
0.18465188,0.09611255,positive,5
0.34115124,0.15844607,positive,5
0.2659419,0.11038499,positive,5
0.24920763,0.11982909,positive,5
0.07830937,0.17861146,positive,5
0.12177566,0.18916279,positive,5
0.22360657,0.17968994,positive,5
0.053113095,0.12947437,positive,5
0.060531586,-0.056557592,negative,1
0.21022084,0.2162868,positive,5
0.23358186,0.10755136,positive,5
0.17125404,0.053379994,positive,5
0.26308265,0.19723335,positive,5
0.05900882,-0.048123162,positive,5
0.15121888,0.15295887,positive,5
0.08023231,0.05345076,neutral,3
0.057241976,0.11443629,positive,5
-0.16749701,0.19859394,positive,4
-0.18115178,-0.08469449,negative,1
-0.03281995,-0.17736846,neutral,3
-0.20784232,0.120348126,positive,5
-0.09079967,-0.14542353,negative,1
-0.26467466,0.23810029,positive,5
0.0031783804,-0.08161098,negative,1
-0.18997793,0.13872138,positive,5
-0.015082659,-0.15042755,positive,5
-0.2478616,0.25052047,positive,5
-0.30416238,0.14002007,positive,5
-0.05830217,-0.052756187,neutral,3
-0.23112252,0.23460616,positive,5
-0.037223406,0.073283896,positive,5
-0.08921277,-0.079140365,negative,1
-0.082798675,0.069766104,positive,5
-0.2338263,0.097882375,negative,1
-0.23640099,0.23529516,positive,5
-0.18231456,0.061466616,positive,5
-0.32513267,0.14689037,positive,5
-0.0911659,0.053048838,positive,5
-0.1087163,0.19923344,positive,5
-0.25722307,0.18161017,positive,5
-0.19545884,0.09216861,positive,5
-0.14817253,0.049003188,neutral,3
-0.14997461,0.05051391,positive,5
-0.2324147,0.10860386,positive,5
-0.022010226,-0.14238825,neutral,3
-0.09151512,0.021493006,positive,5
-0.18295723,0.031403873,positive,5
-0.22146823,0.11912373,positive,5
-0.05534909,-0.0884992,negative,1
-0.12178849,-0.041203983,positive,5
-0.09350732,-0.12634113,positive,5
-0.30401215,0.109915055,positive,5
-0.17557462,-0.00251697,positive,5
-0.05015129,-0.0099998275,positive,5
-0.16896468,0.054404993,positive,4
-0.18883109,0.087414436,positive,5
-0.17054677,0.15170977,positive,5
-0.15638521,0.15057184,positive,5
-0.28942388,0.16122909,positive,5
-0.1620055,0.08303453,positive,5
-0.30116865,0.18862894,negative,1
-0.3146263,0.20633711,positive,4
-0.1929667,0.17699756,positive,5
-0.15080827,0.070381574,positive,5
-0.22062622,0.19116326,positive,5
-0.2547344,0.13924742,positive,4
-0.30536705,0.20298,positive,5
-0.098529875,0.0036507873,positive,5
-0.011489531,-0.17365296,negative,1
-0.021907762,-0.06836893,neutral,3
-0.09950828,0.050042626,negative,1
-0.09141485,-0.08439342,negative,1
-0.31311116,0.14960772,positive,5
-0.22721258,0.11809321,positive,5
-0.15391383,0.12331247,positive,5
-0.2564872,0.1198203,positive,5
-0.18781134,0.12674427,positive,5
-0.35919133,0.20397088,positive,5
-0.2265101,0.13233909,positive,5
-0.29905355,0.21315615,positive,5
-0.30050826,-0.012665825,positive,5
-0.19444363,0.017460603,positive,4
-0.08380675,0.0013123741,neutral,3
-0.22550589,0.13452768,positive,5
-0.12632625,0.04189848,negative,2
-0.16751456,0.10027019,positive,4
-0.030239053,0.1865603,negative,1
-0.14772508,0.16432583,positive,5
0.028026534,-0.15203717,negative,1
-0.1515807,0.22937317,positive,5
-0.11693343,0.21082045,positive,5
-0.03402366,0.037579812,positive,4
-0.17539938,0.1628764,positive,5
-0.072456494,0.041425522,positive,5
-0.14061294,0.1692132,neutral,3
-0.19347337,0.15287836,positive,5
-0.12905696,0.17544185,positive,5
0.0061592795,0.16327216,positive,5
-0.041460462,-0.07230152,positive,5
-0.035354625,-0.036084022,negative,1
-0.13784361,0.13170004,neutral,3
-0.15090364,0.17877962,positive,5
-0.110122524,0.19142887,positive,5
0.040834874,-0.118685715,negative,1
-0.13520195,0.123009026,positive,5
-0.16866875,0.16880877,positive,5
-0.05546467,0.2233513,positive,5
-0.09985795,0.13638373,positive,5
-0.07461989,-0.06402248,positive,5
-0.016247567,-0.0012712274,positive,5
-0.05738908,0.035397172,negative,1
0.0090840515,-0.042999323,positive,5
-0.17108852,-0.004271857,positive,5
-0.056964174,-0.07227587,negative,1
-0.07588686,-0.036589444,positive,5
-0.1522819,0.16206919,positive,5
-0.05806329,-0.03235237,neutral,3
-0.12360394,-0.01909522,negative,2
-0.050469264,-0.052902114,positive,4
-0.09865267,0.089332476,negative,1
-0.16417234,0.014953625,positive,5
-0.06314075,0.022513725,positive,5
-0.14575213,0.06667358,positive,5
-0.24355754,0.09507088,positive,5
-0.24274193,0.25598553,positive,5
-0.047529772,0.031241301,positive,5
-0.151582,0.058630187,positive,5
-0.0788695,0.044963565,positive,5
-0.09686511,0.09173595,positive,5
-0.116880946,0.09976921,positive,5
-0.12477573,0.00993966,negative,1
-0.16655816,0.073711194,positive,5
-0.15818228,0.048333775,positive,5
-0.2141374,0.11042161,positive,5
-0.4140224,0.20889306,positive,5
-0.2912339,0.23207,positive,5
-0.24727161,0.21273176,positive,5
-0.25682274,0.12637354,positive,4
-0.2622151,0.21036725,positive,5
-0.23590174,0.20473851,positive,4
-0.30033123,0.17774345,positive,5
-0.40545434,0.22942573,positive,5
-0.14378609,0.10117288,positive,5
-0.34103078,0.2574373,positive,5
-0.19330677,0.09707069,positive,5
-0.27768108,0.0643415,positive,5
-0.20893158,0.14348061,positive,5
-0.057025254,0.14729194,positive,5
-0.13608631,0.12342256,positive,5
-0.35318393,0.1790327,positive,5
-0.18467365,0.043071233,positive,5
-0.12050188,-0.13119806,neutral,3
-0.2454244,0.15018553,positive,4
-0.2588551,0.08927024,positive,5
-0.19634889,0.23253097,positive,4
-0.22911787,0.14347821,positive,5
-0.11493565,-0.0041840915,negative,2
-0.34404084,0.20747995,positive,5
0.08760021,0.15099122,negative,2
0.14420213,0.16734977,positive,5
0.049531765,-0.013829175,negative,1
0.037573352,0.15166824,positive,5
0.044749245,0.19697683,positive,5
0.17542142,0.037649885,positive,4
0.15711635,0.10025633,positive,5
0.0910527,0.09967748,positive,5
0.089578725,0.0778291,positive,5
0.14185143,0.17846334,positive,5
0.08250065,-0.01478119,positive,5
0.14910713,0.10605065,positive,5
0.108302966,0.16866717,positive,5
0.108888656,0.102642596,positive,5
0.131419,0.06242584,positive,5
0.031800203,-0.10256682,negative,1
0.056151353,0.11058373,neutral,3
0.09044682,0.1867274,positive,5
-0.010159346,0.0800635,neutral,3
0.0896479,-0.116794035,negative,1
0.07439665,-0.16434304,negative,1
0.065231636,-0.16319846,positive,4
-0.050005555,-0.04824215,positive,5
0.06822392,-0.0011543725,neutral,3
0.024076564,-0.07805072,negative,1
0.022131259,-0.1081181,positive,5
-0.019821603,-0.06060667,negative,1
0.14458157,-0.0779728,positive,5
0.012640273,-0.06760637,positive,5
0.0767922,0.005273818,neutral,3
0.020396085,-0.0144965295,positive,5
0.22777437,-0.015504543,positive,5
0.10721561,0.025149718,positive,5
0.026586832,-0.07741909,positive,4
0.15631677,-0.027478363,negative,1
-0.03689351,-0.09257065,positive,5
-0.04769455,-0.028078731,positive,5
0.09385116,0.018608037,negative,2
-0.024742473,-0.11027542,positive,5
-0.04913108,-0.024909426,positive,5
0.043953434,0.024805635,positive,5
-0.046606034,-0.11720253,positive,5
-0.0064691165,-0.049869314,positive,4
0.0935605,-0.028527193,neutral,3
0.11869156,0.03447044,positive,5
0.0469098,-0.15302385,negative,1
-0.027449932,-0.065327086,positive,5
0.11640334,-0.16292922,positive,4
0.09246683,-0.031172786,positive,5
-0.00872764,-0.14283799,positive,5
0.033973128,-0.002104232,positive,4
-0.019996336,-0.08064213,positive,5
0.02148923,-0.14197554,neutral,3
0.03562419,-0.19562654,positive,5
-0.035703503,-0.21298882,negative,1
0.10858779,-0.16347462,negative,1
-0.07532207,0.19324982,positive,5
-0.05286874,0.22126979,positive,5
0.07802019,0.08230538,positive,5
0.06776595,0.107126586,positive,4
-0.020819867,-0.0513092,positive,5
0.0033636242,0.043366943,negative,2
0.07042505,0.020559639,negative,1
-0.06434418,0.03395668,positive,5
-0.07337523,0.09395734,positive,5
-0.09643304,-0.10949598,positive,4
0.03891681,-0.035976805,positive,5
-0.02670001,0.0022057928,positive,5
-0.05202049,-0.10206975,positive,4
-0.0038667917,-0.03366129,positive,5
0.08094264,0.06503138,negative,1
0.017277474,-0.07105939,positive,5
-0.035030447,-0.041140344,positive,5
0.0072764326,-0.08045309,neutral,3
-0.09094024,0.039048888,positive,5
0.01235568,-0.0011012433,positive,4
-0.036061678,-0.09719033,positive,5
0.06465753,-0.01894753,positive,5
0.044610694,0.028856844,positive,5
0.13625199,0.017104592,negative,1
0.046016872,-0.14314662,negative,1
0.016473899,-0.10629621,negative,1
0.24584858,0.004000851,neutral,3
-0.011321801,-0.13757305,positive,5
0.042070307,-0.10450549,negative,1
-0.0057013705,-0.12241242,negative,1
0.03768059,-0.04016275,negative,1
-0.025034558,-0.030255314,neutral,3
0.01850125,-0.1592713,negative,1
0.14207067,-0.02093991,negative,2
-0.010276928,-0.26030573,positive,5
0.037182853,-0.07829926,positive,5
-0.03588375,0.025413577,negative,2
0.030235166,0.06661364,positive,5
0.031270564,-0.027419463,positive,5
-0.052961178,-0.1323326,positive,5
0.059900828,-0.11826154,negative,2
-0.039281584,0.014741915,positive,4
0.14434873,0.035432044,positive,5
0.054460242,-0.14316145,negative,1
-0.02101247,-0.038765747,positive,5
0.01956928,-0.06708728,positive,4
0.08411432,-0.13634226,positive,5
0.14812417,-0.029986765,neutral,3
0.03865055,-0.3143549,negative,1
0.050856866,-0.037007984,negative,2
0.019091016,0.03868087,positive,5
0.014398826,-0.13574779,positive,4
0.0104190465,-0.10727896,positive,5
0.055690587,-0.033934634,positive,4
-0.18356012,-0.0887583,positive,4
-0.04268542,-0.044913404,positive,5
0.038696855,-0.1441004,negative,1
0.016608192,-0.055808373,positive,4
0.019746514,-0.1102361,positive,5
0.023422794,-0.0992063,positive,5
0.0338057,-0.08678452,negative,2
-0.09777757,0.062351387,negative,1
0.022968719,-0.022659317,positive,5
0.13126226,0.1063911,positive,5
0.19637363,-0.007507303,negative,1
0.24188422,0.13726822,positive,5
0.09925113,0.24833855,positive,5
0.11274114,0.14044014,positive,5
0.12714514,0.18284693,positive,5
0.10174818,0.18096633,positive,5
0.20476437,0.042424906,neutral,3
0.0033773314,0.18075413,positive,5
0.06492693,-0.16164322,neutral,3
0.25847307,0.06531294,positive,5
0.1394483,0.24140972,positive,4
0.01198853,-0.11691968,positive,5
0.0013425779,-0.12262343,positive,4
0.025238363,-0.110647984,positive,5
0.03429074,-0.12974444,positive,5
0.046332747,-0.015342073,positive,5
-0.025205076,-0.07275699,positive,4
-0.030055817,-0.051622335,positive,5
-0.09925071,-0.08869252,positive,5
-0.012466879,-0.17301121,positive,5
0.1085818,-0.008692753,positive,5
0.067265466,-0.0015248908,positive,5
-0.02834255,-0.0491127,positive,5
0.10697542,-0.034521297,negative,2
-0.02645337,-0.097093284,positive,5
-0.01588529,-0.09786346,negative,2
0.1377434,-0.21558629,negative,2
0.033034623,-0.13535964,negative,1
-0.104892716,-0.17146029,positive,5
0.04502037,-0.068602845,positive,4
0.12815578,-0.14422418,positive,5
-0.03391785,-0.18938124,negative,1
0.031332046,-0.16257924,positive,5
0.020505121,-0.14622344,positive,5
-0.022891175,-0.06086666,neutral,3
0.011068735,-0.083287954,positive,5
0.05586102,-0.07577098,positive,5
0.042726405,-0.01846414,positive,5
0.07760702,-0.18496834,neutral,3
0.079957165,-0.16550529,neutral,3
-0.002621293,-0.099471085,positive,5
-0.119203724,0.09035572,negative,1
0.030460002,-0.13068634,positive,5
0.033605605,-0.103845045,positive,5
-0.016658718,-0.08201616,positive,5
-0.037426226,0.108505845,positive,5
0.07312687,-0.030819263,negative,2
-0.02940754,-0.11390983,positive,4
0.025835482,0.0221157,positive,4
-0.028888647,-0.14367914,positive,5
0.06748507,0.022614758,positive,5
-0.05217451,0.038255718,neutral,3
0.0037917234,0.08752701,positive,5
0.03567837,-0.049547866,positive,5
-0.0180641,0.060323294,positive,5
0.037100673,-0.028804,positive,4
-0.029326899,-0.033633713,positive,5
-0.046673026,0.08859379,positive,5
-0.170031,0.06993913,negative,1
0.19836538,0.105484925,positive,5
-0.035942595,0.059587475,positive,4
-0.12855777,0.10862372,positive,5
0.06969077,0.05881549,positive,5
-0.020674847,-0.14006071,positive,5
0.03537082,-0.17626664,positive,5
-0.021252245,-0.12999366,positive,5
-0.052598365,-0.070003375,positive,5
0.055437766,-0.13424094,negative,1
0.0769183,-0.04355973,positive,5
-0.031104408,-0.14446835,positive,5
0.023458553,-0.061175734,positive,5
0.1374339,0.038470026,positive,5
-0.0053507537,0.042609364,negative,1
0.0683414,-0.006386438,positive,5
0.04021342,-0.15023433,positive,5
0.06361196,0.0746928,negative,1
-0.017581878,-0.1536045,positive,5
0.03602075,-0.10297567,positive,5
0.07277118,-0.12072535,neutral,3
0.0062379036,-0.21657741,positive,5
0.043629788,-0.11287533,positive,5
-0.09682849,-0.22371885,negative,2
0.037709177,-0.15084243,neutral,3
0.05810333,-0.03598747,positive,5
0.06327854,-0.13873953,positive,5
0.011776855,-0.027499162,positive,5
0.11331093,-0.07097493,positive,4
0.07181459,-0.16010766,positive,5
0.041701004,-0.15646714,negative,1
0.010174373,-0.11395988,positive,5
0.07300981,-0.09171168,positive,5
0.028599294,-0.1257616,positive,5
0.020168258,-0.115635164,positive,5
0.14597481,-0.061573673,positive,5
0.04701431,-0.15777649,negative,1
-0.010024115,-0.0807884,positive,5
-0.011466537,-0.113392144,positive,4
0.084666364,-0.10019579,positive,5
0.0482981,-0.13908918,positive,5
-0.0026594065,-0.04952126,negative,1
-0.018511813,-0.2321684,negative,2
0.017528197,-0.18318646,positive,5
0.06764046,-0.17463875,positive,5
-0.030397786,-0.05668668,positive,5
0.05847796,-0.12824632,positive,5
0.009075815,-0.16016477,positive,5
0.13446043,-0.084681794,negative,1
0.08052171,-0.08608584,positive,5
0.1765208,0.030275632,neutral,3
0.17166096,0.120996445,negative,1
0.14147589,0.15785648,positive,5
0.21369095,0.1837535,positive,4
0.11386056,0.005334353,positive,5
0.0699016,0.1547155,positive,5
0.24485146,0.107969314,positive,5
0.116882324,0.013699847,positive,5
0.31504667,0.20025319,positive,5
-0.04457288,-0.04436496,positive,4
0.0076859836,-0.12207474,neutral,3
0.098934986,-0.07206726,positive,5
-0.15830497,-0.016406287,positive,5
-0.024211394,-0.06364754,positive,5
0.032022834,-0.17403385,negative,1
0.03314369,-0.0854554,neutral,3
0.0419854,0.050692193,positive,5
0.0777877,0.02341475,positive,5
0.03838724,-0.047565617,positive,5
-0.0002839733,-0.025687564,positive,5
-0.032887056,-0.077386536,positive,5
-0.03975016,-0.19496858,neutral,3
0.12705353,0.08843842,positive,5
0.034830168,0.03920037,positive,5
0.00058949366,-0.037593547,positive,4
-0.066956475,-0.068582885,positive,5
0.035283722,-0.042518437,positive,5
-0.10098261,-0.015962847,positive,5
-0.11014398,-0.11109518,positive,5
0.025715822,-0.041865468,positive,5
0.0008770209,-0.08878053,negative,1
0.049197204,0.05900764,positive,5
0.05145365,-0.051703665,positive,5
0.021617273,-0.100314096,positive,5
0.061253093,-0.11756511,positive,5
0.104182154,-0.053515222,neutral,3
-0.008479128,-0.06400345,positive,5
0.034862302,-0.06964783,positive,4
0.0310106,-0.19833995,positive,5
-0.039271683,-0.07182045,negative,1
0.05092173,-0.012783503,positive,5
0.046936102,-0.15322225,positive,5
0.027707277,-0.033575933,positive,5
-0.03766418,0.07033736,positive,5
-0.07358369,-0.14425114,positive,5
-0.008114893,-0.04950015,positive,5
0.05411967,0.05245866,positive,5
0.12643096,0.13766573,negative,2
-0.004556462,-0.01675152,positive,4
0.07160112,0.10142817,positive,5
0.033873446,-0.028186318,positive,5
0.043589376,0.036032606,positive,5
-0.12755649,0.026323631,positive,5
-0.03313566,-0.09118191,positive,5
-0.2112982,0.037569538,positive,5
-0.118068404,-0.04282398,positive,5
-0.15781118,0.037947383,positive,5
-0.069741495,-0.010091124,positive,4
-0.1961846,0.14943938,positive,4
-0.14591202,0.08934917,positive,5
-0.1343244,0.05041781,neutral,3
-0.041517273,-0.06541759,positive,5
-0.15752567,0.027572118,positive,5
-0.12954456,0.035837762,positive,4
-0.045844477,-0.024225509,positive,5
-0.06815417,-0.045214973,positive,5
-0.10262003,0.035226345,positive,5
0.05414428,-0.023296773,negative,1
0.09975164,-0.1369061,negative,2
-0.09795761,0.03315023,positive,5
-0.004872281,0.040662337,positive,5
-0.21461621,0.17776912,positive,5
0.010446938,-0.0606401,negative,1
0.0407464,-0.29130924,negative,1
0.051846385,0.025416806,positive,5
0.020470737,-0.2848207,negative,1
-0.08025989,-0.16313997,positive,5
0.08871115,-0.09822787,negative,1
0.02492945,-0.16240741,positive,5
-0.015758436,-0.26627868,negative,1
-0.023514394,-0.2808147,positive,5
-0.084056795,-0.19288963,positive,5
0.10368922,-0.24794458,negative,1
0.19561386,0.069388725,positive,5
0.21662061,0.22885944,positive,5
0.30499467,0.15723681,positive,4
0.17279409,0.14559567,positive,5
0.29904202,0.14562851,positive,5
0.2549129,0.19617437,positive,4
0.13737491,0.10744031,positive,4
0.0118197445,-0.06901081,positive,5
0.22896889,0.19487047,positive,5
0.31533676,0.09172049,positive,4
0.3178721,0.28280944,positive,5
0.14768155,0.122396976,positive,5
0.2450523,0.04263075,positive,5
0.22181949,0.18260989,positive,5
0.2785175,0.12937568,positive,4
0.18448924,0.19952591,positive,4
0.2808172,0.12955134,positive,5
0.15941563,0.15910769,positive,5
0.2642519,0.15143512,positive,5
0.24661897,0.16065529,positive,4
0.007145703,0.03972404,positive,5
0.23137017,0.06157138,positive,4
0.12881264,-0.058060687,positive,5
0.2138159,0.18956587,positive,4
0.17562556,0.02331888,positive,5
0.26857203,0.14621106,positive,5
0.28787816,0.058156196,positive,5
0.35766342,0.22595292,neutral,3
0.077671304,0.15366292,positive,5
0.11641,-0.0062687695,positive,5
0.1560387,-0.09284684,negative,1
0.10038295,0.11386767,positive,5
0.01468767,-0.08910792,negative,1
0.068246864,0.03575851,positive,5
0.23730741,0.2380828,positive,5
0.25810987,0.125761,positive,5
0.17849424,0.17112511,positive,5
0.26119393,0.20112042,positive,5
0.29995614,0.11184938,neutral,3
0.1687199,0.00505138,positive,5
0.15390576,0.06426824,positive,5
0.1773437,0.1495277,positive,5
0.11535898,0.06274434,neutral,3
0.088702396,0.011535482,positive,5
0.117880315,-0.004944736,positive,5
0.046487436,0.2364515,positive,5
0.14939068,-0.012177453,positive,5
0.19795384,0.17940159,positive,5
-0.1857232,0.14312996,positive,5
-0.15669997,0.09805689,negative,1
-0.2226032,0.15447606,positive,5
-0.2635822,0.16913415,positive,5
-0.19005498,0.0868771,positive,5
-0.10894444,-0.16655017,negative,1
-0.23749635,0.05965239,positive,5
-0.060986005,0.20772676,positive,4
-0.16143544,-0.044375062,positive,4
-0.073128164,0.03136488,positive,5
-0.05310324,0.11026435,positive,5
-0.3388949,0.24371651,positive,5
-0.20358834,0.032777786,negative,1
-0.30269754,0.16524911,negative,1
-0.29632133,0.15301876,positive,5
-0.22190732,0.06835925,positive,5
-0.16442414,0.02617935,positive,5
-0.25599948,0.13404974,positive,5
-0.24787235,0.09330257,positive,5
-0.16780585,0.014523317,positive,4
0.08019757,-0.2027895,negative,1
0.012858378,-0.13445973,positive,5
0.0024646036,-0.20490251,negative,1
0.05926518,-0.30333084,negative,1
0.027195005,-0.14797013,positive,5
-0.021952987,-0.071568444,positive,5
-0.071436316,-0.24478012,neutral,3
0.04180842,-0.23034678,positive,5
0.24207862,0.078885466,positive,5
0.11322348,-0.09372427,negative,1
0.25670463,0.21294016,neutral,3
0.17445892,0.07861407,positive,5
-0.27752414,0.2892456,positive,5
0.004232563,0.015943255,negative,1
-0.19446543,0.17478539,positive,4
-0.2084084,0.029159606,positive,5
-0.089076154,-0.10236946,negative,1
-0.04195015,-0.07951531,neutral,3
-0.06373289,-0.13227262,positive,5
-0.17839347,0.108155794,positive,5
-0.1202703,0.035304934,negative,1
-0.1019796,0.06124523,positive,5
-0.24557306,0.070840664,positive,5
-0.07956878,-0.08192416,negative,1
-0.13965844,0.025323525,positive,5
-0.19697696,0.006646079,positive,5
-0.20763426,0.030312423,positive,5
-0.064027146,-0.013556087,positive,4
-0.09960237,-0.029130816,positive,5
-0.18167637,0.17396437,positive,5
-0.23219275,0.12057744,positive,5
-0.1643909,0.183264,positive,5
-0.052651107,0.15875259,positive,5
-0.11528902,0.098187946,negative,2
-0.13115415,0.15413149,positive,5
0.009977868,-0.08451286,positive,5
-0.10198181,0.15681553,positive,5
-6.313436e-05,0.10927136,positive,5
-0.056564227,0.007129279,negative,1
-0.04044351,0.094864294,negative,2
-0.14303117,0.015782572,positive,5
-0.2971791,0.17100541,positive,5
-0.34069702,0.26698893,positive,5
-0.1782084,0.057307888,positive,5
-0.18129566,0.21914694,positive,5
-0.0191055,-0.036257613,negative,1
-0.22898866,0.10411835,positive,4
-0.12310951,0.2342786,positive,5
-0.30246216,0.14169215,positive,5
-0.17932342,0.101481706,positive,5
-0.084017016,0.079062894,positive,5
-0.1226018,-0.057446424,positive,4
0.08237728,0.066742,positive,5
0.12897237,0.07928794,negative,1
0.09595792,0.08818134,negative,1
0.10158958,-0.077861376,positive,5
0.01734876,-0.09677655,positive,5
0.08055585,-0.0407037,positive,5
0.107610986,-0.067736626,positive,5
0.03192523,-0.07268105,positive,5
0.026194906,0.02297682,positive,5
0.0639749,-0.059458442,positive,5
-0.0686181,0.034385473,negative,1
0.05377084,0.06142218,positive,5
0.007876355,-0.12665431,positive,5
-0.1266975,-0.20407043,neutral,3
-0.029474035,-0.2508935,negative,1
0.039082482,-0.2761217,positive,5
-0.013885047,-0.2654732,positive,5
-0.011093966,-0.17653678,positive,5
0.06588108,-0.040175002,positive,5
0.0460741,-0.1589656,positive,5
0.036365435,-0.088262774,neutral,3
0.05543998,-0.3603572,positive,5
0.050378524,-0.26766422,positive,5
0.0111591015,-0.24136154,positive,5
-0.07448255,-0.26217285,negative,1
-0.011576194,-0.2054745,positive,5
-0.04071029,-0.20968382,negative,1
0.052068517,-0.35624123,positive,5
-0.026217083,-0.18562624,negative,2
0.051007487,-0.06618566,positive,5
0.046811573,-0.08050778,neutral,3
0.16019933,0.100710005,positive,5
0.13595967,0.002319186,neutral,3
0.04635632,0.09109195,positive,5
0.21847944,-0.09895774,neutral,3
0.12730657,0.24584535,positive,4
0.15368138,0.17145565,positive,5
0.22875252,0.1849405,positive,5
0.24565788,0.2098932,positive,5
0.20491555,0.040502314,neutral,3
0.31474563,0.25059298,positive,5
0.18473451,0.023055319,negative,2
0.24251162,0.18344194,positive,5
0.14997493,0.09409778,positive,4
0.13546138,0.19246736,positive,5
0.15953189,0.08239269,positive,5
0.16827826,0.021908011,positive,5
0.2347923,0.18739115,positive,5
0.27013963,0.26929668,positive,5
-0.010781819,0.10330271,negative,2
0.24091975,0.18774785,positive,5
0.13745207,0.25728065,positive,5
0.22617015,0.087171234,positive,5
0.39489582,0.19504371,positive,5
0.18222,0.16431879,positive,5
0.17701617,0.077736095,positive,5
-0.24719876,0.12667422,positive,5
-0.19223376,0.11687061,positive,5
-0.06457695,-0.018288996,positive,5
-0.048656322,-0.18106136,negative,2
-0.20069222,0.06568355,neutral,3
-0.25743207,0.22718838,positive,5
-0.15621102,-0.014969753,negative,1
-0.17545365,-0.03540534,positive,5
-0.26271504,0.07914368,positive,5
-0.24263534,0.13131624,positive,5
-0.20852576,0.2318941,positive,5
-0.089379765,0.07862096,neutral,3
-0.071179874,-0.022361863,negative,1
-0.21110992,0.115552455,negative,1
-0.13614671,0.096296005,positive,5
-0.19358948,0.0042777928,positive,5
-0.26409394,0.24270862,positive,5
-0.06804095,0.16034909,positive,5
-0.13777773,0.08070341,positive,4
-0.032591008,0.012164026,negative,1
-0.08781587,0.011926238,positive,5
-0.10111643,0.05385879,positive,5
-0.11692883,0.0549,positive,5
-0.27971372,0.24530828,positive,5
-0.176938,0.11825447,positive,5
-0.2984464,0.124049366,positive,5
-0.013765793,0.054008316,negative,1
0.1596133,0.07071969,positive,4
0.12625751,0.16038422,negative,1
0.10335666,-0.07621168,positive,4
0.09984986,-0.11427744,neutral,3
0.07305862,-0.06619385,positive,5
0.009140888,-0.08444229,positive,5
-0.0074418643,0.032506928,positive,5
-0.082583874,0.073503695,positive,4
-0.008964342,-0.09793516,positive,5
0.052928276,-0.06824936,positive,5
0.011476764,0.12029153,positive,5
-0.030811405,0.13268955,positive,5
0.0227756,-0.07988522,positive,5
-0.06992461,0.022077467,negative,2
0.008059364,0.0045224074,neutral,3
-0.01983756,-0.040040493,positive,5
0.12918217,-0.12343009,positive,5
0.14536166,0.0072284425,positive,5
0.0075803474,-0.018500458,negative,1
0.09967811,0.06949734,positive,5
0.014065718,-0.123708084,positive,5
-0.006001115,-0.03622891,positive,5
0.005345786,0.029374983,negative,1
0.0108107645,-0.09474961,positive,4
0.1573015,0.15022635,neutral,3
0.20556232,0.11878766,positive,4
0.22288851,0.16890387,neutral,3
0.16028418,0.05018206,negative,1
0.17037207,0.09164853,neutral,3
0.070243746,-0.22076471,neutral,3
-0.00035704114,-0.16563062,positive,5
0.039421067,-0.23762424,positive,5
-0.063084304,-0.10676593,neutral,3
0.16050312,0.05029564,positive,5
0.008557105,-0.08017053,positive,5
0.08865484,0.07128711,positive,5
0.059052363,-0.005065787,negative,2
0.018456096,-0.19335203,positive,5
0.13980107,0.011173808,positive,5
0.035759702,-0.078377545,negative,1
0.0131764095,-0.07701291,positive,5
0.052619696,-0.13171226,positive,5
0.10798825,-0.0031188438,neutral,3
-0.024453187,-0.0021797395,positive,5
0.0906471,0.034929227,positive,5
0.026163252,-0.025119845,positive,5
0.01701626,-0.21392605,negative,1
0.032160357,-0.13357238,positive,5
0.025367422,-0.120236896,neutral,3
0.23399214,0.19440277,positive,5
0.035195976,-0.11176665,positive,4
0.0037110336,-0.0033997814,positive,5
-0.034272972,-0.07466917,neutral,3
0.011995265,-0.035193235,positive,5
0.027718445,-0.06951398,positive,5
0.025133507,0.051621653,negative,1
0.03265749,0.019766536,positive,4
0.015451262,0.08851305,positive,4
0.06674869,0.117953345,positive,5
0.028438145,0.07291771,neutral,3
-0.028998444,-0.046557795,negative,1
-0.039507516,0.020288303,positive,5
-0.126702,0.07948525,positive,5
-0.07987994,0.06205372,positive,5
-0.14273179,0.017801587,neutral,3
-0.1209526,-0.02362886,negative,1
-0.09571215,0.03743981,positive,5
-0.13256875,-0.01946218,positive,5
-0.27792096,0.036992732,positive,5
-0.14119874,-0.027045358,neutral,3
-0.036070205,-0.12299484,positive,5
-0.041558154,-0.083370395,neutral,3
-0.22320768,0.0918499,positive,5
-0.041057497,0.04221465,positive,5
-0.022989828,0.006689499,negative,1
-0.1840924,-0.0045622867,positive,5
-0.069171034,-0.00699119,positive,5
-0.057559036,-0.05634824,positive,5
0.020593235,-0.056774702,positive,5
-0.1307657,0.050279833,positive,5
0.09713107,-0.12048854,negative,2
-0.10436127,0.021916334,positive,5
-0.08858066,0.021530718,positive,5
-0.26651153,-0.00580802,positive,5
-0.16557434,0.09194288,positive,5
-0.28894797,0.005987079,positive,5
-0.108261734,-0.10111048,negative,1
-0.18594767,0.05966993,negative,1
-0.09608251,-0.033868544,positive,4
-0.118549146,0.10021461,positive,5
-0.030487387,-0.16418788,negative,1
-0.1805415,-0.026573636,neutral,3
-0.16460328,0.0077400943,positive,5
-0.1080716,0.0126744555,neutral,3
-0.16434903,0.038401864,neutral,3
-0.20514597,0.059274066,positive,5
-0.22873713,0.011744571,positive,5
-0.14852129,-0.02118766,negative,1
-0.11101688,-0.0709085,positive,5
-0.07632338,0.01796294,positive,5
-0.0801346,-0.0076360856,positive,5
-0.11755815,-0.04167059,positive,5
-0.026223639,0.009700262,neutral,3
-0.19047683,0.09939199,positive,5
-0.25083104,0.08044307,positive,5
-0.081342876,-0.10798955,neutral,3
-0.13966611,0.12835097,positive,5
-0.14157821,0.04679006,positive,5
-0.12723023,-0.0013836036,positive,5
-0.13525842,0.057763312,positive,5
-0.04424609,-0.1759968,negative,1
-0.0071937535,0.05035447,neutral,3
-0.06644173,-0.176341,positive,4
-0.16955942,-0.03726158,positive,5
-0.12765296,0.04468671,positive,5
-0.06414397,-0.040544376,positive,4
-0.051212177,-0.09698197,positive,5
-0.11226787,-0.0051635043,positive,5
-0.085694924,-0.048841964,positive,5
-0.013400307,-0.11208702,negative,1
-0.19678847,0.1782831,positive,5
-0.19178525,0.07859611,positive,5
-0.046246223,0.050115455,neutral,3
-0.15393603,0.005014931,positive,5
-0.15678114,0.04572981,positive,5
-0.11944283,0.0907004,negative,1
-0.27017432,0.0081448415,positive,5
-0.18015786,0.04419288,positive,5
-0.03475982,0.017696716,positive,5
-0.1505354,0.038845517,positive,5
-0.20375693,0.16483106,positive,5
-0.14046331,-0.026416812,positive,5
-0.1760678,0.03845631,positive,4
-0.17515363,0.16132881,positive,4
-0.20487826,-0.090827994,positive,5
-0.112266004,0.11512754,positive,5
-0.068849795,0.0404752,positive,5
-0.10986489,0.06047346,positive,5
