словоформа,лемма_spaCy,стем_NLTK
не,не,не
очень,очень,очен
хорошо,хорошо,хорош
спасибо,спасибо,спасиб
нет,нет,нет
рекомендую,рекомендовать,рекоменд
размер,размер,размер
качество,качество,качеств
просто,просто,прост
товар,товар,товар
цвет,цвет,цвет
хороший,хороший,хорош
продавцу,продавец,продавц
отлично,отлично,отличн
запах,запах,зап
вообще,вообще,вообщ
хорошая,хороший,хорош
быстро,быстро,быстр
отличный,отличный,отличн
крем,крем,крем
волосы,волос,волос
упаковка,упаковка,упаковк
продавца,продавец,продавц
фото,фото,фот
немного,немного,немн
