review_text,clean_text
"⭐️⭐️⭐️⭐️⭐️ Заказывала коврик для йоги, а в итоге получила урок о том, что друзьям нельзя доверять забирать твои заказы. Он забрал коврик с пункта выдачи и с тех пор успешно уклоняется от его возвращения. Так что сама я на нем так и не позанималась. Надеюсь, хотя бы ему он помогает достичь внутреннего спокойствия. К товару претензий нет, а вот друга рекомендовать не могу. На фотке очень красивый",заказывала коврик йоги итоге получила урок друзьям доверять забирать твои заказы забрал коврик пункта выдачи тех пор успешно уклоняется возвращения сама нем не позанималась надеюсь хотя помогает достичь внутреннего спокойствия товару претензий нет друга рекомендовать не могу фотке очень красивый
"Платье не понравилось. Цвет в реальности не совпадает с фото, значительно темнее, оно прям зеленое. Ткань тоже не понравилась. Размер выбирала по размерной таблице, оказалось большим в груди и пройма прям слишком свободная",платье не понравилось цвет реальности не совпадает фото значительно темнее оно прям зеленое ткань не понравилась размер выбирала размерной таблице оказалось большим груди пройма прям слишком свободная
"Ждала этот крем , но он пришел просроченный !!! ЕХР до 2026.04 значит до апреля ! Я не посмотрела и выкупила !!! Придется крем выбросить ! Зря потраченные деньги ! Не рекомендую продавца",ждала крем пришел просроченный ехр значит апреля не посмотрела выкупила придется крем выбросить зря потраченные деньги не рекомендую продавца
"Отличный пуховик на зиму! Особенно понравились манжеты и двусторонняя молния: удобно при ходьбе. Сам пуховик теплый. Качество хорошее. Крой плеча отличный, нет торчащих ниток, пух распределен распределен равномерно, приятный цвет ткани.",отличный пуховик зиму особенно понравились манжеты двусторонняя молния удобно ходьбе пуховик теплый качество хорошее крой плеча отличный нет торчащих ниток пух распределен распределен равномерно приятный цвет ткани
"Рекомендую к покупке Невероятно яркое и красивое! Для пляжа самое то, что надо! Легко стирается, не линяет, ворсинки на теле не оставляет, быстро сохнет. Живу на море и всегда для своих гостей беру в подарок эти полотенца для пляжа. Все довольны.",рекомендую покупке невероятно яркое красивое пляжа самое легко стирается не линяет ворсинки теле не оставляет быстро сохнет живу море своих гостей беру подарок полотенца пляжа довольны
"Хорошо сидит. Ткань приятная, дышащая и не мнется. Не на полные руки. Рукав не свободный. На высокий рост. У меня 167.в пол. Немного обрежу",хорошо сидит ткань приятная дышащая не мнется не полные руки рукав не свободный высокий рост пол немного обрежу
"Очень удобный фитнес резины, приходит в компактный упаковке, в аккуратном мешочке, удобно носить с собой или брать в поездку (поместились в ручной клади). Красивые цвета, очень нежно. Четыре вариации натяжения – это очень удобно. По сравнению с другими производителями с тяжелой резиной можно работать – огромный плюс Компактная упаковка, стильные цвета, хорошее натяжение, градация отягощения Не нашла",очень удобный фитнес резины приходит компактный упаковке аккуратном мешочке удобно носить собой брать поездку поместились ручной клади красивые цвета очень нежно четыре вариации натяжения очень удобно сравнению другими производителями тяжелой резиной работать огромный плюс компактная упаковка стильные цвета хорошее натяжение градация отягощения не нашла
"Он идеален, мил, бел, пушист, мягок и влюбил в себя моего ребенка с первого взгляда, теперь они не разлучены! Я не люблю мягкие игрушки, но даже меня гусь покорил. Рекомендую!",идеален мил бел пушист мягок влюбил моего ребенка первого взгляда не разлучены не люблю мягкие игрушки гусь покорил рекомендую
Рекомендую ) буду брать в подарок. Эффект классный. Густой значит хватит на долго. Его очень много и пахнет невероятно красиво ))) а я к запахам капризна ),рекомендую буду брать подарок эффект классный густой значит хватит долго очень пахнет невероятно красиво запахам капризна
"Тот самый случай, когда видишь вещи на фото и понимаешь, что она 100% тебе подойдёт. То, что я искала на весну/осень, когда в пальто ещё холодно, а в зимнем пуховике или парке уже жарко. Приятный оверсайз. Качественная верхняя одежда на весну/осень Нет",самый случай видишь вещи фото понимаешь тебе подойдёт искала весну осень пальто холодно зимнем пуховике парке жарко приятный оверсайз качественная верхняя одежда весну осень нет
