column_index,term
0,абсолютно
1,адекватный
2,аж
3,айфон
4,аккумулятор
5,аккуратно
6,аккуратный
7,акне
8,акция
9,аналог
10,анкер
11,апельсин
12,апрель
13,аромат
14,ароматный
15,балл
16,бальзам
17,банан
18,банк
19,банка
20,баночка
21,бархатный
22,бас
23,батарейка
24,батарея
25,бдительный
26,бедро
27,бежевый
28,безопасность
29,безопасный
30,безумно
31,безупречный
32,бел
33,белок
34,белый
35,бельё
36,бер
37,берите
38,беру
39,берёшь
40,беспроводный
41,бирка
42,биться
43,благодарить
44,благодарность
45,благодаря
46,благородный
47,блеск
48,блестеть
49,близкий
50,блин
51,блок
52,блютуз
53,блёклый
54,боб
55,боди
56,божественный
57,бокс
58,болт
59,болтаться
60,большеваты
61,большеватый
62,большемерит
63,больший
64,большое
65,большой
66,бонус
67,бояться
68,брак
69,бракованный
70,браслет
71,брать
72,бренд
73,буквально
74,бумажка
75,бутылка
76,бутыль
77,бывать
78,быстро
79,быстрый
80,быть
81,бюджетный
82,бязь
83,важный
84,вайлдберриз
85,валберис
86,ваниль
87,ванный
88,вариант
89,вау
90,ваш
91,вб
92,ввиду
93,вводить
94,везде
95,век
96,велик
97,великий
98,великолепно
99,великолепный
100,велосипед
101,велюр
102,вернуть
103,вернуться
104,вертикальный
105,верх
106,верхний
107,вес
108,весна
109,вести
110,весь
111,весьма
112,ветер
113,вечер
114,вещь
115,вживую
116,взгляд
117,взрослый
118,взять
119,вид
120,видео
121,видеть
122,видимо
123,видно
124,видный
125,виду
126,вилка
127,виноватый
128,винт
129,витамин
130,вишенка
131,вкладыш
132,включать
133,включаться
134,включение
135,включить
136,вкус
137,вкусно
138,вкусный
139,влажный
140,влиять
141,вложить
142,влюбиться
143,вместе
144,вместительный
145,вместо
146,вмятина
147,внешне
148,внешний
149,вниз
150,внизу
151,внимание
152,внимательный
153,внук
154,внутренний
155,внутри
156,внутрь
157,внученька
158,внучка
159,вовремя
160,вовсе
161,вода
162,водичка
163,водостойкий
164,возврат
165,возвращать
166,возможно
167,возможность
168,возможный
169,возникнуть
170,возрастной
171,волновать
172,волос
173,вонять
174,вообще
175,вообщем
176,вопрос
177,воротник
178,восторг
179,восторженный
180,восьмеркой
181,впервые
182,впечатление
183,впитываться
184,вполне
185,впритык
186,время
187,вроде
188,всем
189,вскрывать
190,вскрытие
191,вскрыть
192,вставить
193,вставлять
194,встречаться
195,всякий
196,второй
197,вчера
198,выбирать
199,выбор
200,выбрать
201,выбросить
202,выветриться
203,вывод
204,выглядеть
205,выдавать
206,выдача
207,выдержать
208,выдерживать
209,вызвать
210,вызывать
211,выйти
212,выкидывать
213,выкинуть
214,выключаться
215,выкупить
216,вылиться
217,выпадать
218,выпадение
219,выпасть
220,выполнить
221,выполнять
222,выпускать
223,выравнивать
224,выраженный
225,вырез
226,высокий
227,высоко
228,высота
229,высыпание
230,выходить
231,г
232,гаджет
233,гайка
234,гантелей
235,гантели
236,гарантия
237,герметично
238,герметичный
239,главный
240,гладкий
241,глаз
242,глубокий
243,говорить
244,год
245,годность
246,голенище
247,голова
248,голосовой
249,голубой
250,гонять
251,гораздо
252,горечь
253,горло
254,горлышко
255,горный
256,город
257,горчинка
258,горький
259,горячий
260,готовить
261,готовый
262,градус
263,греть
264,гриф
265,громкий
266,громко
267,громкость
268,громоздкий
269,грудь
270,группа
271,груша
272,грызть
273,грязный
274,грязь
275,гуд
276,гулять
277,густой
278,давать
279,давить
280,давление
281,давно
282,дальнейший
283,далёкий
284,данного
285,данной
286,данном
287,данную
288,данный
289,дата
290,дать
291,дача
292,даёт
293,два
294,движение
295,де
296,девочка
297,девушка
298,действие
299,действительно
300,декольте
301,делать
302,деликатный
303,дело
304,демисезонный
305,день
306,деньга
307,дерево
308,держать
309,держаться
310,десерт
311,десять
312,деталь
313,детский
314,детство
315,дефект
316,дешёвый
317,джинсы
318,дизайн
319,динамик
320,диск
321,дискомфорт
322,дисплей
323,длина
324,длинный
325,дно
326,добавить
327,добавка
328,добавлять
329,добрать
330,добросовестный
331,добротно
332,добротный
333,добрый
334,доверие
335,доверять
336,довольно
337,довольный
338,доехать
339,дозатор
340,документ
341,долгий
342,долго
343,долговечный
344,должный
345,дом
346,дома
347,домашний
348,домой
349,дополнительно
350,дополнительный
351,дополнить
352,дополню
353,дополнять
354,дорога
355,дорого
356,дорогой
357,доставить
358,доставка
359,доставлять
360,достаточно
361,достаточный
362,достигнуть
363,достойно
364,достойный
365,доступный
366,дочка
367,дочь
368,др
369,друг
370,друга
371,другая
372,другие
373,другими
374,других
375,другого
376,другое
377,другой
378,другом
379,другую
380,думать
381,дух
382,дыра
383,дырка
384,дырочка
385,е
386,европейский
387,еда
388,единственно
389,единственный
390,ежедневный
391,ерунда
392,естественно
393,есть
394,ехать
395,её
396,жалкий
397,жалко
398,жаль
399,жара
400,жаркий
401,ждать
402,ждёт
403,желание
404,желать
405,железный
406,женщина
407,жжение
408,живой
409,живот
410,животное
411,жидкий
412,жизнь
413,жирнит
414,жирный
415,жить
416,жмёт
417,жёлтый
418,жёсткий
419,забивать
420,забирать
421,заблуждение
422,забрать
423,заваривать
424,заварить
425,завернуть
426,заводский
427,завысить
428,заглушка
429,загрузить
430,задать
431,задержать
432,задержаться
433,задержка
434,задний
435,задумка
436,зайти
437,закажу
438,заказ
439,заказать
440,заказывайте
441,заказывала
442,заказывать
443,закончиться
444,закрепить
445,закрывать
446,закрываться
447,закрыть
448,заливать
449,залить
450,залом
451,замена
452,заменить
453,заметить
454,замечание
455,замечательный
456,замок
457,занимать
458,заниматься
459,занятие
460,запаковать
461,запас
462,запах
463,запаять
464,запускать
465,запястье
466,заржаветь
467,заряд
468,зарядить
469,зарядка
470,зарядного
471,зарядный
472,заряжается
473,заряжать
474,заряжаться
475,заставлять
476,застегнуться
477,застёгивается
478,зато
479,захотеть
480,зацепка
481,зашить
482,защита
483,защитный
484,защёлка
485,защёлкиваться
486,заявить
487,заявка
488,заявленному
489,звезда
490,звонить
491,звонок
492,звук
493,звучание
494,звучать
495,здоровый
496,здоровье
497,здравствовать
498,зелёный
499,зима
500,зимний
501,знак
502,знакомый
503,знать
504,значительно
505,значить
506,зря
507,зуб
508,зудеть
509,ибо
510,игра
511,играть
512,игрушка
513,идеал
514,идеально
515,идеальный
516,идея
517,идти
518,извинить
519,изготовить
520,изготовление
521,издавать
522,изделие
523,изменение
524,изменить
525,измениться
526,измятый
527,изначально
528,изюм
529,икра
530,именно
531,иметь
532,иметься
533,иначе
534,индивидуальный
535,индикатор
536,индикация
537,инструкция
538,интерес
539,интересный
540,интерфейс
541,информация
542,искать
543,исключительный
544,испачкать
545,исполнение
546,использование
547,использовать
548,испортить
549,испортиться
550,испорченный
551,исправить
552,исправно
553,история
554,исчезнуть
555,итог
556,июль
557,июнь
558,й
559,йо
560,к
561,кабель
562,каблук
563,каждый
564,казаться
565,какао
566,какой
567,камера
568,капризный
569,капюшон
570,капюшоне
571,карамель
572,карандаш
573,карман
574,картина
575,картинка
576,картон
577,картонка
578,картонный
579,карточка
580,кастрюли
581,кастрюлька
582,кастрюля
583,катать
584,кататься
585,категория
586,качественно
587,качественный
588,качество
589,каша
590,квартира
591,кг
592,кейс
593,километр
594,кипяток
595,кислинка
596,кислый
597,кисточка
598,китаец
599,китай
600,класс
601,классно
602,классный
603,класть
604,клей
605,клиент
606,клуб
607,ключ
608,км
609,книжка
610,кнопка
611,коврик
612,коврике
613,код
614,кожа
615,кожаный
616,коктейль
617,колено
618,колесо
619,количество
620,коллекция
621,колодка
622,колонка
623,колпачок
624,команда
625,комбинированный
626,комментарий
627,комната
628,комочки
629,компактный
630,компания
631,комплект
632,комплектация
633,комплектность
634,компонент
635,комфортно
636,комфортный
637,кондиционер
638,конец
639,конкретно
640,консистенция
641,конструктор
642,контейнер
643,конфетка
644,концентрация
645,копейка
646,корень
647,корзина
648,коричневый
649,кормить
650,короб
651,коробка
652,коробочка
653,короткий
654,короче
655,корпус
656,косметика
657,костюм
658,косяк
659,которая
660,которой
661,котором
662,которую
663,которые
664,который
665,которых
666,кофе
667,кофейня
668,кофта
669,кофточка
670,кошмар
671,край
672,крайне
673,крайний
674,красиво
675,красивый
676,красить
677,краска
678,красный
679,крем
680,крема
681,крепиться
682,крепкий
683,крепление
684,кривой
685,критично
686,критичный
687,крой
688,кроме
689,кроссовки
690,кроссовок
691,круг
692,круглый
693,кружка
694,крупный
695,крутой
696,крыло
697,крышка
698,крышками
699,кстати
700,кто
701,купаться
702,купить
703,куртка
704,курточка
705,курьер
706,кухня
707,л
708,ладно
709,лампа
710,лампочка
711,левый
712,легко
713,лего
714,лежать
715,лента
716,леска
717,летний
718,лето
719,лечебный
720,либо
721,линейка
722,линия
723,линять
724,липкий
725,липкость
726,лист
727,литр
728,лицо
729,лично
730,личный
731,лишний
732,лишь
733,ложиться
734,ложка
735,лопнуть
736,любимый
737,любитель
738,любить
739,любовь
740,любой
741,лямка
742,лёгкий
743,лёгкое
744,магазин
745,магазинный
746,мазать
747,макияж
748,максимально
749,максимальный
750,максимум
751,маленький
752,мало
753,маломерит
754,маломерят
755,малый
756,малыш
757,мама
758,мамдеевых
759,марка
760,маркировка
761,маска
762,масло
763,масляный
764,массаж
765,массивный
766,материал
767,матовый
768,машина
769,машинка
770,медленно
771,мелкий
772,менее
773,меньше
774,менять
775,мера
776,мерить
777,мерный
778,место
779,месяц
780,металл
781,металлический
782,метр
783,мех
784,мешать
785,мешочек
786,ми
787,мигать
788,микроскоп
789,микрофон
790,милый
791,мина
792,минимальный
793,минус
794,минута
795,мл
796,мм
797,мнение
798,мнется
799,модель
800,мой
801,мокрый
802,молния
803,молоко
804,молоточек
805,молочный
806,момент
807,моментально
808,море
809,мороз
810,морщинка
811,москва
812,мочь
813,мощность
814,мощный
815,муж
816,муже
817,мужчина
818,музыка
819,мусор
820,мыло
821,мыльный
822,мыть
823,мытьё
824,мышца
825,мягкий
826,мягко
827,мятый
828,мяться
829,мёд
830,мёрзнуть
831,набор
832,наверно
833,наверное
834,наволочка
835,нагреваться
836,нагрузка
837,надевать
838,надежда
839,надеяться
840,надолго
841,надёжный
842,нажатие
843,назад
844,найти
845,найтись
846,наклейка
847,наклон
848,накопительный
849,наливать
850,наличие
851,налёт
852,нам
853,намазать
854,намного
855,нанесение
856,нанести
857,наносится
858,наносить
859,написать
860,напиток
861,наполнение
862,напоминать
863,например
864,напрягать
865,нарекание
866,нарисовать
867,нарушить
868,насколько
869,наслаждение
870,настолько
871,настоятельно
872,настоящий
873,настраивать
874,настроить
875,настройка
876,насыщенный
877,насыщеный
878,натирать
879,натуральный
880,натяжение
881,натянуть
882,наушник
883,находиться
884,находка
885,начало
886,начать
887,начаться
888,начинать
889,наш
890,не
891,небольшой
892,невероятно
893,невероятный
894,невозможный
895,недавно
896,неделя
897,недокомплект
898,недостаток
899,нежный
900,некачественный
901,некоторый
902,нем
903,немного
904,необходимый
905,неожиданно
906,неплохо
907,неплохой
908,непонятно
909,непонятный
910,неправильно
911,неприятный
912,несколько
913,несмотря
914,нет
915,нету
916,неуважение
917,неудобный
918,нечего
919,неё
920,ни
921,нигде
922,нижний
923,низ
924,низкий
925,никак
926,никакой
927,никто
928,ними
929,нитка
930,ничто
931,новый
932,нога
933,ножка
934,ноль
935,номер
936,норма
937,нормально
938,нормальный
939,носик
940,носить
941,носка
942,носок
943,ночной
944,ночь
945,нравиться
946,нужный
947,нюанс
948,нём
949,оба
950,обалденный
951,обед
952,обеспечивать
953,обеспечить
954,обещать
955,обидный
956,обильный
957,обладать
958,область
959,обман
960,обмен
961,обнаружить
962,обожать
963,образ
964,обратить
965,обратно
966,обратный
967,обращать
968,обращение
969,обувь
970,общий
971,объяснить
972,объём
973,объёмный
974,обычно
975,обычный
976,обьем
977,обязательно
978,оверсайз
979,овощ
980,огонь
981,огорчить
982,огромный
983,одевать
984,одежда
985,одеть
986,один
987,одинаковый
988,одна
989,однако
990,одним
991,одно
992,одновременно
993,одного
994,однозначно
995,одной
996,одном
997,одноразовый
998,одну
999,ожидание
1000,ожидать
1001,ок
1002,оказаться
1003,оказываться
1004,около
1005,окраситься
1006,окрашивание
1007,оно
1008,оо
1009,ооочень
1010,оочень
1011,опасение
1012,оперативно
1013,оперативный
1014,описание
1015,оплата
1016,оплатить
1017,оправдать
1018,оправдывать
1019,оптимальный
1020,опыт
1021,органайзер
1022,организм
1023,орех
1024,орешек
1025,оригинал
1026,оригинальный
1027,ориентироваться
1028,осадок
1029,осветление
1030,осень
1031,основа
1032,основный
1033,особенно
1034,особо
1035,особый
1036,оставаться
1037,оставить
1038,оставлять
1039,остальное
1040,остальном
1041,остальные
1042,остановиться
1043,остаться
1044,остыть
1045,осыпается
1046,отвалиться
1047,ответ
1048,ответить
1049,ответственный
1050,отвечать
1051,отвратительный
1052,отдать
1053,отдельно
1054,отдельный
1055,отзыв
1056,отказ
1057,отказать
1058,отказаться
1059,отклонить
1060,отключаться
1061,отключение
1062,открывание
1063,открывать
1064,открываться
1065,открытие
1066,открытый
1067,открыть
1068,открыться
1069,отличаться
1070,отличие
1071,отлично
1072,отличный
1073,отменить
1074,отметить
1075,отношение
1076,оторваться
1077,отпечаток
1078,отправить
1079,отправка
1080,отправлять
1081,отработать
1082,отрегулировать
1083,отсутствие
1084,отсутствовать
1085,оттенок
1086,офигенный
1087,офис
1088,оформить
1089,оформлять
1090,оценить
1091,оценка
1092,очаровательный
1093,очевидный
1094,очень
1095,очищать
1096,ошибиться
1097,ошибка
1098,ощупь
1099,ощутимый
1100,ощущать
1101,ощущаться
1102,ощущение
1103,падать
1104,пазл
1105,пакет
1106,палец
1107,палочка
1108,пальто
1109,панда
1110,пара
1111,параметр
1112,парк
1113,парка
1114,партия
1115,парфюмерный
1116,пауэр
1117,пахнуть
1118,пачка
1119,пвз
1120,пена
1121,пенится
1122,пенка
1123,первый
1124,передавать
1125,передать
1126,передача
1127,передний
1128,переживать
1129,перезаказа
1130,перезаказала
1131,перезаказали
1132,переключатель
1133,переключаются
1134,перекус
1135,переплатить
1136,переплачивать
1137,перепутать
1138,перестать
1139,перец
1140,период
1141,песня
1142,печально
1143,печать
1144,пигментный
1145,пикник
1146,пинать
1147,пипетка
1148,писать
1149,питание
1150,питать
1151,пить
1152,пища
1153,пищит
1154,плакать
1155,планировать
1156,планшет
1157,пластик
1158,пластиковый
1159,платье
1160,плечо
1161,плита
1162,плитка
1163,плотность
1164,плотные
1165,плотный
1166,плохо
1167,плохой
1168,площадка
1169,плюс
1170,плюсы
1171,пляж
1172,плёнка
1173,поведёт
1174,повезти
1175,повезёт
1176,повербанк
1177,поверить
1178,поверхность
1179,повесить
1180,повестись
1181,повлиять
1182,повод
1183,повредить
1184,повреждение
1185,повторно
1186,погода
1187,подарить
1188,подарок
1189,подарочек
1190,подарочный
1191,подбирать
1192,подвести
1193,подворачивать
1194,подделка
1195,поддерживать
1196,поддержка
1197,подключаться
1198,подключение
1199,подключить
1200,подключиться
1201,подмышка
1202,подниматься
1203,поднять
1204,подобие
1205,подобный
1206,подобрать
1207,пододеяльник
1208,подойти
1209,подошва
1210,подробный
1211,подросток
1212,подсветка
1213,подставка
1214,подтвердиться
1215,подходить
1216,подходящий
1217,поездка
1218,пожалеете
1219,пожалеть
1220,пожалуйста
1221,позаниматься
1222,позволить
1223,позволять
1224,поздний
1225,позиция
1226,пойдёт
1227,пойти
1228,пока
1229,показатель
1230,показать
1231,показаться
1232,показывать
1233,покалывание
1234,покрасить
1235,покрепче
1236,покрытие
1237,покупатель
1238,покупать
1239,покупаться
1240,покупка
1241,пол
1242,полагать
1243,полгода
1244,ползунки
1245,полка
1246,полностью
1247,полноценный
1248,полный
1249,половина
1250,положенный
1251,положено
1252,положительный
1253,положить
1254,полоска
1255,полотенце
1256,полтора
1257,получать
1258,получаться
1259,получение
1260,получить
1261,получиться
1262,полчаса
1263,польза
1264,пользование
1265,пользоваться
1266,поменять
1267,поменяться
1268,померить
1269,помещение
1270,помогать
1271,помол
1272,помочь
1273,помощник
1274,помощь
1275,помыть
1276,помятый
1277,помять
1278,понимать
1279,понравиться
1280,понятный
1281,понять
1282,поп
1283,попадать
1284,попасть
1285,попасться
1286,попользоваться
1287,попробовать
1288,попробую
1289,пора
1290,порадовать
1291,порвать
1292,порваться
1293,пористые
1294,пористый
1295,портить
1296,порция
1297,порядок
1298,посадка
1299,посвободней
1300,поскольку
1301,послевкусие
1302,последний
1303,послушный
1304,посмотреть
1305,посоветовать
1306,поставить
1307,поставка
1308,поставщик
1309,постакне
1310,постельный
1311,посторонний
1312,постоянно
1313,постоянный
1314,посуда
1315,посудомойка
1316,потерять
1317,потеряться
1318,потратить
1319,потребитель
1320,потрясающий
1321,потянуть
1322,потёртость
1323,похвал
1324,поход
1325,похожий
1326,почему
1327,починить
1328,почитать
1329,пошив
1330,пошит
1331,пошить
1332,поэтому
1333,появиться
1334,появляться
1335,пояс
1336,правда
1337,правило
1338,правильно
1339,правильный
1340,право
1341,правый
1342,практически
1343,превзойти
1344,превосходный
1345,превращаться
1346,предварительный
1347,предлагать
1348,предмет
1349,предпочтение
1350,представить
1351,представлять
1352,предусмотреть
1353,предыдущий
1354,прежде
1355,прежний
1356,презентабельный
1357,прекрасно
1358,прекрасный
1359,прелесть
1360,премиум
1361,претензия
1362,привезти
1363,привкус
1364,привлекательный
1365,привыкнуть
1366,пригодиться
1367,приготовление
1368,придавать
1369,придаёт
1370,придумать
1371,придётся
1372,приехать
1373,прийти
1374,прийтись
1375,приклеить
1376,прикольный
1377,прикосновение
1378,прикрепить
1379,прилагать
1380,прилагаться
1381,прилично
1382,приложение
1383,применение
1384,применять
1385,пример
1386,примерка
1387,примерно
1388,примерять
1389,принт
1390,принцип
1391,принять
1392,приобрести
1393,приобретать
1394,приобретение
1395,природа
1396,прислать
1397,приспособление
1398,присутствовать
1399,притензий
1400,притом
1401,приторность
1402,приторный
1403,притык
1404,приходить
1405,приходиться
1406,причина
1407,причём
1408,пришол
1409,приятно
1410,приятный
1411,проба
1412,проблема
1413,пробник
1414,пробовать
1415,проверить
1416,проверка
1417,проверяйте
1418,проверять
1419,провод
1420,прогулка
1421,продавать
1422,продаваться
1423,продавец
1424,продавить
1425,продажа
1426,продовца
1427,продукт
1428,продукция
1429,прозрачный
1430,производитель
1431,производство
1432,пройти
1433,проложить
1434,промокать
1435,промывать
1436,просвечивать
1437,просить
1438,прослужить
1439,проснуться
1440,просто
1441,простой
1442,простоять
1443,пространство
1444,простыня
1445,просыпаться
1446,просьба
1447,протеин
1448,протекать
1449,протираться
1450,процветание
1451,процедура
1452,процент
1453,процесс
1454,прочный
1455,прошита
1456,прошлый
1457,прыщей
1458,прям
1459,прямо
1460,прямой
1461,пуговица
1462,пункт
1463,пупырки
1464,пупырку
1465,пустить
1466,пусть
1467,пух
1468,пухленький
1469,пуховик
1470,пушистый
1471,пыль
1472,пятно
1473,пять
1474,р
1475,работа
1476,работать
1477,рабочий
1478,равномерно
1479,равный
1480,рад
1481,радовать
1482,радость
1483,раз
1484,разбираться
1485,разбить
1486,разговаривать
1487,раздражение
1488,размер
1489,размерный
1490,размешиваться
1491,разница
1492,разнообразие
1493,разный
1494,разобралась
1495,разобраться
1496,разогнаться
1497,разогревать
1498,разочарование
1499,разочаровать
1500,разочароваться
1501,разряд
1502,разрядить
1503,разрядиться
1504,разряжаться
1505,разряжаются
1506,разу
1507,район
1508,рама
1509,рамка
1510,ранее
1511,ранний
1512,рано
1513,раскрутиться
1514,раскрываться
1515,распаковка
1516,распределительный
1517,распределить
1518,расстояние
1519,расстроить
1520,расстроиться
1521,рассчитывать
1522,рассыпчатый
1523,раствор
1524,растворяться
1525,расти
1526,растительный
1527,расход
1528,расходоваться
1529,расцветка
1530,расчёсываться
1531,рваный
1532,реально
1533,реальность
1534,реальный
1535,ребята
1536,ребёнок
1537,регулировать
1538,регулироваться
1539,регулярно
1540,режим
1541,резина
1542,резинка
1543,резинки
1544,резиновый
1545,результат
1546,резьба
1547,реклама
1548,рекомендация
1549,рекомендовать
1550,ремень
1551,ремешок
1552,ремонт
1553,реплика
1554,ресница
1555,ресничка
1556,респект
1557,решать
1558,решение
1559,решить
1560,решиться
1561,рисовый
1562,рисунок
1563,ритм
1564,ровно
1565,ровный
1566,родитель
1567,розовый
1568,роспотребнадзор
1569,российский
1570,рост
1571,рубль
1572,рука
1573,рукав
1574,рукава
1575,рукова
1576,руль
1577,русский
1578,ручка
1579,рынок
1580,рюкзак
1581,рюкзачок
1582,сад
1583,садик
1584,садиться
1585,сама
1586,самая
1587,сами
1588,самим
1589,само
1590,самого
1591,самое
1592,самой
1593,самолёт
1594,самом
1595,самому
1596,самостоятельно
1597,самую
1598,самые
1599,самый
1600,сапог
1601,сапогов
1602,сапожки
1603,сахар
1604,сбоку
1605,сборка
1606,свежесть
1607,свежий
1608,сверху
1609,свет
1610,светить
1611,светиться
1612,светлый
1613,свитер
1614,свободно
1615,свободный
1616,свой
1617,связаться
1618,связь
1619,сделать
1620,себя
1621,сегмент
1622,сегодняшний
1623,седло
1624,сезон
1625,сей
1626,секунда
1627,село
1628,семья
1629,сенсор
1630,сенсорный
1631,середина
1632,серия
1633,серый
1634,серьёзный
1635,сесть
1636,сетка
1637,сидение
1638,сидеть
1639,сильно
1640,сильный
1641,симпатичный
1642,синий
1643,синтепон
1644,синхронизация
1645,сиреневый
1646,ситуация
1647,сказать
1648,сказка
1649,скатываться
1650,скидка
1651,складывать
1652,складываться
1653,склеиваться
1654,склонный
1655,скол
1656,скользить
1657,скользкий
1658,сколько
1659,скорее
1660,скоро
1661,скорость
1662,скотч
1663,слабо
1664,слабый
1665,сладкий
1666,сладость
1667,слегка
1668,след
1669,следить
1670,следующий
1671,слипаться
1672,слишком
1673,слово
1674,сложить
1675,сложный
1676,слой
1677,сломать
1678,сломаться
1679,служба
1680,служить
1681,случай
1682,случайно
1683,случиться
1684,слушать
1685,слышать
1686,слышный
1687,см
1688,смело
1689,смесь
1690,смешивать
1691,смешной
1692,смотреть
1693,смотреться
1694,смотрятся
1695,смочь
1696,смс
1697,смущать
1698,смывать
1699,смываться
1700,смысл
1701,смыть
1702,снаружи
1703,сначала
1704,снижать
1705,снимать
1706,снова
1707,снять
1708,собака
1709,собеседник
1710,собирать
1711,собираться
1712,собрать
1713,совершенно
1714,совет
1715,советовать
1716,совпадать
1717,содержимое
1718,сожаление
1719,создать
1720,солидно
1721,солнце
1722,сомневаться
1723,сомнение
1724,сомнительный
1725,сон
1726,сообщение
1727,соответственно
1728,соответствие
1729,соответствовать
1730,соотношение
1731,сопротивление
1732,сорт
1733,состав
1734,состояние
1735,сотрудник
1736,сохранение
1737,сохраниться
1738,сохранять
1739,сочетание
1740,спасать
1741,спасибо
1742,спать
1743,спереди
1744,спирт
1745,спокойно
1746,спокойный
1747,спортивный
1748,способ
1749,справиться
1750,справляться
1751,спросить
1752,спустя
1753,сравнение
1754,сравнить
1755,сразу
1756,среди
1757,средний
1758,средство
1759,срок
1760,срочно
1761,ссылаться
1762,стабильно
1763,стабильный
1764,ставить
1765,стандарт
1766,становиться
1767,старый
1768,стать
1769,стекло
1770,стелька
1771,стена
1772,стенка
1773,стильно
1774,стильный
1775,стирать
1776,стираться
1777,стирка
1778,сто
1779,стоимость
1780,стоить
1781,стойкий
1782,стойкость
1783,стопа
1784,сторона
1785,стоять
1786,странно
1787,странный
1788,страшный
1789,строго
1790,структура
1791,стыдно
1792,судить
1793,сумка
1794,сумма
1795,сумочка
1796,супер
1797,сутки
1798,суток
1799,сухой
1800,сухость
1801,сушит
1802,сходить
1803,счастливый
1804,считать
1805,счёт
1806,сшить
1807,сыворотка
1808,сын
1809,сыпаться
1810,сюда
1811,т
1812,таблица
1813,также
1814,таки
1815,такой
1816,тактильно
1817,талия
1818,тара
1819,твёрдый
1820,тебе
1821,текстура
1822,телефон
1823,тело
1824,тема
1825,темно
1826,темнота
1827,темп
1828,температура
1829,тепло
1830,термокружка
1831,термос
1832,термотушь
1833,тестировать
1834,течение
1835,тип
1836,тихий
1837,тк
1838,тканевый
1839,ткань
1840,товар
1841,толи
1842,толстый
1843,толщина
1844,тому
1845,тон
1846,тонкий
1847,торговать
1848,тормоз
1849,торчать
1850,тот
1851,точка
1852,точнее
1853,точно
1854,трава
1855,транспортировка
1856,транспортный
1857,требовать
1858,тренировка
1859,треснуть
1860,третий
1861,три
1862,трикотаж
1863,трос
1864,труба
1865,трудный
1866,тряпочный
1867,туалетный
1868,туговато
1869,туда
1870,тупят
1871,турке
1872,турник
1873,тусклый
1874,туша
1875,тушь
1876,тысяча
1877,тюбик
1878,тяжёленький
1879,тяжёлый
1880,тянутся
1881,тянуться
1882,тёмный
1883,тёплый
1884,убить
1885,убрать
1886,уведомление
1887,увеличиваться
1888,уверена
1889,уверенность
1890,увесистый
1891,увидеть
1892,увлажнение
1893,увлажненная
1894,увлажнить
1895,увлажнять
1896,увы
1897,угадала
1898,удалить
1899,удаться
1900,удачный
1901,удержать
1902,удивить
1903,удивиться
1904,удлинить
1905,удлинять
1906,удобно
1907,удобный
1908,удовлетворение
1909,удовольствие
1910,ужас
1911,ужасно
1912,ужасный
1913,ужин
1914,узел
1915,узкий
1916,узнать
1917,уйти
1918,указать
1919,улететь
1920,улица
1921,улучшать
1922,уменьшение
1923,универсальный
1924,унитаз
1925,упакованна
1926,упакованный
1927,упаковать
1928,упаковка
1929,упаковочный
1930,упаковывать
1931,упасть
1932,управление
1933,упражнение
1934,уровень
1935,усилие
1936,условие
1937,успеть
1938,установить
1939,установка
1940,устать
1941,устойчивый
1942,устраивать
1943,устройство
1944,утонуть
1945,утро
1946,утяжелять
1947,ухо
1948,уход
1949,уходить
1950,ухоженный
1951,учесть
1952,ушах
1953,уютный
1954,фаворит
1955,факт
1956,фасон
1957,февраль
1958,фен
1959,фигура
1960,фиксироваться
1961,финиш
1962,фиолетовый
1963,фирма
1964,фирменный
1965,фисташковый
1966,фитнес
1967,флакон
1968,флешка
1969,форма
1970,формат
1971,фотке
1972,фото
1973,фотография
1974,функция
1975,фурнитура
1976,футбол
1977,футболка
1978,х
1979,характеристика
1980,хват
1981,хватать
1982,хватить
1983,хвостик
1984,химический
1985,хлипкий
1986,хлопок
1987,ход
1988,ходить
1989,ходьба
1990,холод
1991,холодный
1992,хороший
1993,хорошо
1994,хотеть
1995,хотеться
1996,хотя
1997,хранение
1998,хранить
1999,худенький
2000,худышка
2001,царапина
2002,цвет
2003,целлофан
2004,целое
2005,целостность
2006,целый
2007,цель
2008,цена
2009,ценить
2010,центр
2011,цитрусовый
2012,циферблат
2013,ч
2014,чай
2015,час
2016,часик
2017,часто
2018,часть
2019,чат
2020,чашка
2021,чей
2022,человек
2023,чесаться
2024,честно
2025,честной
2026,честный
2027,четко
2028,четыре
2029,чехол
2030,число
2031,чисто
2032,чистый
2033,читать
2034,чувствительный
2035,чувство
2036,чувствовать
2037,чувствоваться
2038,чудесный
2039,чудо
2040,чулочками
2041,чёрный
2042,чёткий
2043,чётко
2044,шаг
2045,шампунь
2046,шампунями
2047,шарик
2048,шедевр
2049,шейкер
2050,шелковистость
2051,шелковистый
2052,шикарный
2053,ширина
2054,широкий
2055,шкаф
2056,школа
2057,шлейф
2058,шляпа
2059,шнур
2060,шов
2061,шоколад
2062,шоколадка
2063,шоколадный
2064,шт
2065,штанга
2066,штаны
2067,штука
2068,штучка
2069,шёл
2070,шёлковый
2071,щека
2072,щиколотка
2073,щёточка
2074,экономичный
2075,экран
2076,эксплуатация
2077,эластичность
2078,элегантный
2079,элемент
2080,эмоция
2081,эспандер
2082,эстетика
2083,эстетичный
2084,этап
2085,этикетка
2086,это
2087,этот
2088,эффект
2089,эффективность
2090,эффектно
2091,являться
2092,явно
2093,явный
2094,язык
2095,яйцо
2096,январь
2097,яркий
2098,ярко
2099,ёмкость
