model,query,rank,neighbor,cosine_similarity
Word2Vec,качество,1,соответствие,0.6404
Word2Vec,качество,2,эстетика,0.6218
Word2Vec,качество,3,цена,0.621
Word2Vec,качество,4,приобрести,0.6208
Word2Vec,качество,5,хлопок,0.6192
Word2Vec,размер,1,xxl,0.7855
Word2Vec,размер,2,регулироваться,0.7694
Word2Vec,размер,3,худенький,0.7555
Word2Vec,размер,4,сетка,0.755
Word2Vec,размер,5,посвободней,0.7507
Word2Vec,доставка,1,пришол,0.6574
Word2Vec,доставка,2,задержать,0.6548
Word2Vec,доставка,3,быстрый,0.6518
Word2Vec,доставка,4,валберис,0.6482
Word2Vec,доставка,5,команда,0.6137
Word2Vec,цена,1,завысить,0.7281
Word2Vec,цена,2,привлекательный,0.6891
Word2Vec,цена,3,качество,0.621
Word2Vec,цена,4,сачок,0.6046
Word2Vec,цена,5,шедевр,0.6022
Word2Vec,цвет,1,передать,0.6872
Word2Vec,цвет,2,надевать,0.6431
Word2Vec,цвет,3,песочник,0.6404
Word2Vec,цвет,4,бежевый,0.6309
Word2Vec,цвет,5,некачественный,0.6304
Word2Vec,запах,1,обильный,0.6937
Word2Vec,запах,2,любитель,0.6602
Word2Vec,запах,3,постирать,0.658
Word2Vec,запах,4,невероятный,0.6572
Word2Vec,запах,5,ооочень,0.6315
Word2Vec,упаковка,1,тыс,0.6957
Word2Vec,упаковка,2,запаять,0.6887
Word2Vec,упаковка,3,нарушить,0.6808
Word2Vec,упаковка,4,кошмар,0.6661
Word2Vec,упаковка,5,проложить,0.6585
Word2Vec,продавец,1,ответственный,0.7414
Word2Vec,продавец,2,подарочный,0.7118
Word2Vec,продавец,3,выходить,0.7035
Word2Vec,продавец,4,спасибо,0.7028
Word2Vec,продавец,5,изменить,0.6937
Word2Vec,крем,1,кожа,0.6706
Word2Vec,крем,2,возрастной,0.6224
Word2Vec,крем,3,текстура,0.6148
Word2Vec,крем,4,продажа,0.6144
Word2Vec,крем,5,впитываться,0.6088
Word2Vec,покупка,1,рекомендовать,0.7175
Word2Vec,покупка,2,приобретение,0.6656
Word2Vec,покупка,3,планшет,0.6544
Word2Vec,покупка,4,тянутся,0.598
Word2Vec,покупка,5,не,0.5895
GloVe,качество,1,отличный,0.8339
GloVe,качество,2,хороший,0.755
GloVe,качество,3,звук,0.4956
GloVe,качество,4,велосипед,0.4948
GloVe,качество,5,быстрый,0.4692
GloVe,размер,1,подойти,0.8391
GloVe,размер,2,взять,0.8071
GloVe,размер,3,рост,0.758
GloVe,размер,4,заказать,0.6679
GloVe,размер,5,носить,0.6667
GloVe,доставка,1,быстрый,0.9829
GloVe,доставка,2,спасибо,0.6708
GloVe,доставка,3,продавец,0.6307
GloVe,доставка,4,отличный,0.5088
GloVe,доставка,5,упаковка,0.4987
GloVe,цена,1,такой,0.7861
GloVe,цена,2,товар,0.462
GloVe,цена,3,магазин,0.454
GloVe,цена,4,добавлять,0.4006
GloVe,цена,5,сумма,0.398
GloVe,цвет,1,красивый,0.639
GloVe,цвет,2,продовца,0.5187
GloVe,цвет,3,яркий,0.5177
GloVe,цвет,4,разный,0.5003
GloVe,цвет,5,коричневый,0.4321
GloVe,запах,1,приятный,0.7264
GloVe,запах,2,сладкий,0.4982
GloVe,запах,3,смотреться,0.4981
GloVe,запах,4,вкус,0.4942
GloVe,запах,5,очень,0.4918
GloVe,упаковка,1,ремешок,0.5052
GloVe,упаковка,2,быстрый,0.5009
GloVe,упаковка,3,доставка,0.4987
GloVe,упаковка,4,заваривать,0.4473
GloVe,упаковка,5,претензия,0.446
GloVe,продавец,1,спасибо,0.959
GloVe,продавец,2,рекомендовать,0.7397
GloVe,продавец,3,доставка,0.6307
GloVe,продавец,4,огромный,0.6058
GloVe,продавец,5,быстрый,0.5745
GloVe,крем,1,вытечь,0.5351
GloVe,крем,2,сложить,0.4658
GloVe,крем,3,выбрать,0.3791
GloVe,крем,4,рукава,0.3787
GloVe,крем,5,вскрытие,0.3783
GloVe,покупка,1,рекомендовать,0.9437
GloVe,покупка,2,довольный,0.8193
GloVe,покупка,3,однозначно,0.741
GloVe,покупка,4,продавец,0.545
GloVe,покупка,5,спасибо,0.5196
fastText,качество,1,качественно,0.7446
fastText,качество,2,качественный,0.7173
fastText,качество,3,картина,0.6463
fastText,качество,4,некачественный,0.6397
fastText,качество,5,пространство,0.6321
fastText,размер,1,размерный,0.7586
fastText,размер,2,посвободней,0.7435
fastText,размер,3,сапогов,0.7329
fastText,размер,4,xxl,0.7292
fastText,размер,5,маломерит,0.724
fastText,доставка,1,поставка,0.7883
fastText,доставка,2,доставлять,0.7806
fastText,доставка,3,поставщик,0.7335
fastText,доставка,4,доступный,0.7225
fastText,доставка,5,валберис,0.6998
fastText,цена,1,завысить,0.7213
fastText,цена,2,такой,0.6524
fastText,цена,3,бас,0.6354
fastText,цена,4,соотношение,0.6298
fastText,цена,5,качество,0.6158
fastText,цвет,1,угадала,0.7088
fastText,цвет,2,некачественный,0.6862
fastText,цвет,3,испачкать,0.6858
fastText,цвет,4,коричневый,0.6852
fastText,цвет,5,бежевый,0.6785
fastText,запах,1,невероятный,0.6711
fastText,запах,2,запястье,0.6318
fastText,запах,3,обалденный,0.6288
fastText,запах,4,невероятно,0.6273
fastText,запах,5,кислый,0.6228
fastText,упаковка,1,распаковка,0.7971
fastText,упаковка,2,упакованный,0.7649
fastText,упаковка,3,упаковочный,0.7493
fastText,упаковка,4,упакованна,0.7474
fastText,упаковка,5,упаковывать,0.7433
fastText,продавец,1,продовца,0.7633
fastText,продавец,2,оперативный,0.7577
fastText,продавец,3,ответ,0.7523
fastText,продавец,4,спасибо,0.7372
fastText,продавец,5,товар,0.7337
fastText,крем,1,крема,0.7712
fastText,крем,2,мажем,0.6645
fastText,крем,3,кожа,0.6454
fastText,крем,4,жирный,0.6201
fastText,крем,5,липкий,0.6148
fastText,покупка,1,рекомендовать,0.6375
fastText,покупка,2,приобретение,0.6112
fastText,покупка,3,покупаться,0.6084
fastText,покупка,4,планшет,0.6049
fastText,покупка,5,довольный,0.6027
