model,expression,rank,result,cosine_similarity
Word2Vec,хороший - плохой + качество,1,чехол,0.5809
Word2Vec,хороший - плохой + качество,2,классный,0.5599
Word2Vec,хороший - плохой + качество,3,найтись,0.5587
Word2Vec,хороший - плохой + качество,4,ребята,0.5419
Word2Vec,хороший - плохой + качество,5,отличный,0.5419
Word2Vec,большой - маленький + размер,1,xxl,0.6363
Word2Vec,большой - маленький + размер,2,рукава,0.636
Word2Vec,большой - маленький + размер,3,посвободней,0.63
Word2Vec,большой - маленький + размер,4,бёдрах,0.6083
Word2Vec,большой - маленький + размер,5,одевать,0.6008
Word2Vec,дорогой - дешёвый + цена,1,сыпаться,0.5747
Word2Vec,дорогой - дешёвый + цена,2,переплачивать,0.5449
Word2Vec,дорогой - дешёвый + цена,3,чудо,0.5409
Word2Vec,дорогой - дешёвый + цена,4,копейка,0.5317
Word2Vec,дорогой - дешёвый + цена,5,ресничка,0.5306
GloVe,хороший - плохой + качество,1,отличный,0.6865
GloVe,хороший - плохой + качество,2,очень,0.5142
GloVe,хороший - плохой + качество,3,велосипед,0.4284
GloVe,хороший - плохой + качество,4,живой,0.4253
GloVe,хороший - плохой + качество,5,костюм,0.4191
GloVe,большой - маленький + размер,1,взять,0.647
GloVe,большой - маленький + размер,2,подойти,0.6337
GloVe,большой - маленький + размер,3,заказать,0.5112
GloVe,большой - маленький + размер,4,повредить,0.4996
GloVe,большой - маленький + размер,5,стопа,0.4548
GloVe,дорогой - дешёвый + цена,1,история,0.4976
GloVe,дорогой - дешёвый + цена,2,кислинка,0.4479
GloVe,дорогой - дешёвый + цена,3,самого,0.4269
GloVe,дорогой - дешёвый + цена,4,вид,0.4052
GloVe,дорогой - дешёвый + цена,5,сын,0.3886
fastText,хороший - плохой + качество,1,большое,0.6245
fastText,хороший - плохой + качество,2,больший,0.5744
fastText,хороший - плохой + качество,3,высота,0.572
fastText,хороший - плохой + качество,4,качественно,0.5677
fastText,хороший - плохой + качество,5,заявленному,0.5652
fastText,большой - маленький + размер,1,ошибиться,0.6619
fastText,большой - маленький + размер,2,большое,0.6195
fastText,большой - маленький + размер,3,l,0.6033
fastText,большой - маленький + размер,4,село,0.6026
fastText,большой - маленький + размер,5,бёдрах,0.5975
fastText,дорогой - дешёвый + цена,1,дорого,0.6139
fastText,дорогой - дешёвый + цена,2,слип,0.5604
fastText,дорогой - дешёвый + цена,3,ужас,0.5547
fastText,дорогой - дешёвый + цена,4,йо,0.5495
fastText,дорогой - дешёвый + цена,5,расходоваться,0.5475
