term,bow_count,tfidf_mean,document_frequency,bow_rank,tfidf_rank,rank_change_tfidf_vs_bow,top_30_group
не,1149,0.07073501164152018,637,1,1,0,оба метода
очень,436,0.0400474488796365,329,2,2,0,оба метода
хороший,273,0.03044485832863966,240,3,3,0,оба метода
размер,160,0.022163483792216807,112,4,4,0,оба метода
отличный,156,0.021307945460086887,142,5,5,0,оба метода
качество,147,0.01988764908623102,137,6,6,0,оба метода
продавец,146,0.019507681147836277,128,7,7,0,оба метода
прийти,144,0.019472370576337713,137,8,9,-1,оба метода
спасибо,132,0.019473947320870575,122,10,8,2,оба метода
такой,137,0.01829756063429761,122,9,11,-2,оба метода
хорошо,129,0.0187250100560189,121,12,10,2,оба метода
рекомендовать,131,0.017875204014853072,128,11,13,-2,оба метода
нет,129,0.016410886817337555,110,12,16,-4,оба метода
понравиться,129,0.0180713684221797,121,12,12,0,оба метода
цвет,122,0.01724524596280894,102,15,14,1,оба метода
брать,116,0.016842665930590323,105,17,15,2,оба метода
товар,118,0.01600299740505445,94,16,17,-1,оба метода
удобный,98,0.014825410362063701,86,18,18,0,оба метода
просто,94,0.012799488130664033,86,19,27,-8,оба метода
упаковка,94,0.013791795436463045,81,19,20,-1,оба метода
цена,91,0.014317371403224772,82,21,19,2,оба метода
запах,82,0.013783743490687016,71,27,21,6,оба метода
волос,78,0.013736503158691163,50,30,22,8,оба метода
заказать,85,0.012595697354703202,77,22,28,-6,оба метода
первый,85,0.013025345336659,80,22,24,-2,оба метода
приятный,85,0.01316763265151785,77,22,23,-1,оба метода
день,83,0.01283063211699771,70,25,25,0,оба метода
коробка,83,0.012576984133732488,68,25,29,-4,оба метода
крем,77,0.012815283484155556,47,31,26,5,только TF-IDF
заказывать,80,0.012056980653953072,76,28,34,-6,только BOW
час,80,0.01240402342221925,60,28,32,-4,только BOW
ребёнок,72,0.012547432847859284,59,35,30,5,только TF-IDF
упаковать,74,0.012421557127283092,73,32,31,1,вне топ-30
красивый,74,0.011804310577903059,71,32,35,-3,вне топ-30
кожа,73,0.012122842260469266,58,34,33,1,вне топ-30
покупка,69,0.011240403324336902,65,36,36,0,вне топ-30
быть,68,0.010716106600796855,66,37,38,-1,вне топ-30
подойти,57,0.010775653578663098,56,44,37,7,вне топ-30
мягкий,62,0.01061603253801735,57,38,39,-1,вне топ-30
доставка,60,0.010255715976752282,54,39,41,-2,вне топ-30
подарок,59,0.010381985637818838,53,40,40,0,вне топ-30
взять,58,0.009214868379278082,56,41,51,-10,вне топ-30
вообще,58,0.009948016079005095,52,41,43,-2,вне топ-30
ткань,58,0.010170693405787374,53,41,42,-1,вне топ-30
купить,57,0.009575840675341861,53,44,46,-2,вне топ-30
лёгкий,56,0.009646151407906015,52,47,44,3,вне топ-30
мочь,57,0.008712827169931775,50,44,62,-18,вне топ-30
немного,51,0.009618600580036272,45,58,45,13,вне топ-30
быстро,54,0.00945515955030158,52,52,47,5,вне топ-30
свой,56,0.00867495526956101,51,47,63,-16,вне топ-30
зарядка,53,0.009448340400563977,40,54,48,6,вне топ-30
довольный,55,0.00904751249584255,54,49,55,-6,вне топ-30
нужный,55,0.00861929903034962,49,49,64,-15,вне топ-30
покупать,55,0.00935149977174924,52,49,50,-1,вне топ-30
супер,48,0.009367701419409262,46,63,49,14,вне топ-30
